{
  "project_info": {
    "project_number": "427265956310",
    "firebase_url": "https://fir-2c216.firebaseio.com",
    "project_id": "fir-2c216",
    "storage_bucket": "fir-2c216.appspot.com"
  },
  "client": [
    {
      "client_info": {
        "mobilesdk_app_id": "1:427265956310:android:e3738caa8d384c79",
        "android_client_info": {
          "package_name": "com.vijaya.firebase"
        }
      },
      "oauth_client": [
        {
          "client_id": "427265956310-r69vfeb4smapq340lb3lgtamnnbf455u.apps.googleusercontent.com",
          "client_type": 3
        }
      ],
      "api_key": [
        {
          "current_key": "AIzaSyAG7UlEXd9vr0yE2vXW_zQeUCtjjwbeujo"
        }
      ],
      "services": {
        "analytics_service": {
          "status": 1
        },
        "appinvite_service": {
          "status": 1,
          "other_platform_oauth_client": []
        },
        "ads_service": {
          "status": 2
        }
      }
    },
    {
      "client_info": {
        "mobilesdk_app_id": "1:427265956310:android:0e7008247a2b171f",
        "android_client_info": {
          "package_name": "edu.umkc.rashmi"
        }
      },
      "oauth_client": [
        {
          "client_id": "427265956310-r69vfeb4smapq340lb3lgtamnnbf455u.apps.googleusercontent.com",
          "client_type": 3
        }
      ],
      "api_key": [
        {
          "current_key": "AIzaSyAG7UlEXd9vr0yE2vXW_zQeUCtjjwbeujo"
        }
      ],
      "services": {
        "analytics_service": {
          "status": 1
        },
        "appinvite_service": {
          "status": 1,
          "other_platform_oauth_client": []
        },
        "ads_service": {
          "status": 2
        }
      }
    }
  ],
  "configuration_version": "1"
}